{
  "generatedAt": "2025-10-20T00:44:48.746Z",
  "version": "2.0.0",
  "thermodynamics": {
    "gibbsFreeEnergyKJ": 83016.10795599999,
    "gibbsFreeEnergyJ": 83016107.95599999,
    "landauerKJ": 7.165963297156494e-15,
    "freeEnergyMarginKJ": 83016.10795599999,
    "burnEnergyPerBlockKJ": 5188.5067472499995,
    "gibbsAgreementDelta": 0,
    "stakeBoltzmannEnvelope": 7.1659632971564945e-12,
    "gibbsCrossCheckKJ": 83016.10795599999,
    "freeEnergyMarginPercent": 1,
    "landauerWithinMargin": true
  },
  "statisticalPhysics": {
    "beta": 0.068,
    "energyScaling": 136.42,
    "toleranceKJ": 420,
    "partitionFunction": 9.08040402249363e-17,
    "logPartitionFunction": -36.937827893406144,
    "expectedEnergy": 562.1336082181291,
    "expectedEnergyKJ": 76686.26683311716,
    "freeEnergy": 543.2033513736197,
    "freeEnergyKJ": 74103.8011943892,
    "entropy": 1.2872574654265254,
    "entropyKJPerK": 8.27713345746139,
    "variance": 102.48399609851185,
    "heatCapacity": 0.47388599795951886,
    "probabilities": [
      {
        "energy": 560,
        "degeneracy": 3,
        "probability": 0.9573752841744329
      },
      {
        "energy": 610,
        "degeneracy": 4,
        "probability": 0.04260099174946301
      },
      {
        "energy": 710,
        "degeneracy": 2,
        "probability": 0.00002372396294204689
      },
      {
        "energy": 880,
        "degeneracy": 1,
        "probability": 1.131652352310112e-10
      }
    ],
    "freeEnergyConsistencyDelta": 1.5916157281026244e-12,
    "gibbsDeltaKJ": 8912.306761610787,
    "withinTolerance": false
  },
  "jarzynski": {
    "beta": 0.068,
    "landauerKJ": 7.165963297156494e-15,
    "gibbsFreeEnergyKJ": 83016.10795599999,
    "deltaFreeEnergyKJ": 83016.10795599999,
    "landauerScaled": 5.2528685655743256e-17,
    "gibbsFreeEnergyScaled": 608.5332645946343,
    "deltaFreeEnergyScaled": 608.5332645946343,
    "logExpectation": -38.12207588504742,
    "logTheoretical": -41.38026199243513,
    "expectation": 2.778387423333101e-17,
    "theoretical": 1.0685148369527597e-18,
    "difference": 3.258186107387708,
    "tolerance": 0.8276052398487026,
    "satisfied": false
  },
  "hamiltonian": {
    "kineticTerm": 34149742376.26085,
    "potentialTerm": 456246,
    "hamiltonianValue": 34149286130.26085,
    "alternativeHamiltonian": 34149286130.26085,
    "difference": 0
  },
  "equilibrium": {
    "labels": [
      "Pareto-Coop",
      "Thermo-Titan",
      "Sentinel-Tactician"
    ],
    "replicator": [
      0.33333333333333337,
      0.3333333333333334,
      0.33333333333333326
    ],
    "closedForm": [
      0.33333333333333337,
      0.3333333333333334,
      0.33333333333333326
    ],
    "closedFormPayoff": 1,
    "kktResiduals": [
      2.220446049250313e-16,
      0,
      0
    ],
    "kktMaxResidual": 2.220446049250313e-16,
    "kktCertified": true,
    "simplexResidual": 0,
    "monteCarlo": [
      0.3338528019449279,
      0.3321237978197185,
      0.33402340023535343
    ],
    "continuous": [
      0.4074521001792146,
      0.36555002383644997,
      0.22699787598433552
    ],
    "eigenvector": [
      0.3333333333333333,
      0.3333333333333333,
      0.3333333333333333
    ],
    "replicatorIterations": 0,
    "continuousIterations": 25000,
    "eigenvectorIterations": 1,
    "monteCarloRmsError": 0.3581314670295324,
    "payoffAtEquilibrium": 1,
    "divergenceAtEquilibrium": 2.220446049250313e-16,
    "discountFactor": 0.93,
    "replicatorDeviation": 0,
    "maxMethodDeviation": 0.13412170639947257,
    "methodConsistency": false
  },
  "antifragility": {
    "samples": [
      {
        "sigma": 0,
        "welfare": -2.6541839969664434,
        "averagePayoff": 1,
        "divergence": 0.07650148632919931
      },
      {
        "sigma": 0.1,
        "welfare": -2.518378523973349,
        "averagePayoff": 1,
        "divergence": 0.07513323805559777
      },
      {
        "sigma": 0.18,
        "welfare": -2.3927493620001594,
        "averagePayoff": 1,
        "divergence": 0.07584274475810156
      },
      {
        "sigma": 0.26,
        "welfare": -2.252013935808231,
        "averagePayoff": 1,
        "divergence": 0.07598619677620343
      },
      {
        "sigma": 0.32,
        "welfare": -2.1365583720139725,
        "averagePayoff": 1,
        "divergence": 0.07809524821144764
      }
    ],
    "quadraticSecondDerivative": 2.3594033144054833,
    "monotonicIncrease": true
  },
  "quantum": {
    "planckConstant": 6.62607015e-34,
    "superpositionWeights": [
      0.62,
      0.27,
      0.11
    ],
    "normalizedWeights": [
      0.62,
      0.27,
      0.11
    ],
    "energyLevelsEv": [
      0.21,
      0.37,
      0.58
    ],
    "weightSumDelta": 0,
    "stateEntropyBits": 1.287897373700623,
    "effectiveDimension": 2.4417193271384026,
    "expectedEnergyEv": 0.29389999999999994,
    "expectedEnergyKJ": 4.7087971273259985e-23,
    "coherenceEnergyKJ": 3.578077881e-22,
    "quantumFreeEnergyKJ": -3.1071981682674e-22,
    "energyVarianceEv": 0.01493179,
    "spectralGapEv": 0.37,
    "measurementVariance": 0.0024,
    "measurementStdDev": 0.04898979485566356,
    "fisherInformation": 0.94,
    "coherenceScore": 0.7017675749414392,
    "quantumConfidence": 0.8208837874707196,
    "decoherenceTimeNs": 4500,
    "coherenceHalfLifeNs": 9200,
    "coherenceFrequencyThz": 540,
    "entanglementFidelity": 0.985,
    "noetherCharge": 0.00172,
    "targetCharge": 0.00165,
    "allowableChargeDrift": 0.00012,
    "chargeDelta": 0.00006999999999999997,
    "chargeWithinTolerance": true,
    "thermoMarginDeltaKJ": 83016.10795599999
  },
  "alphaField": {
    "stackelbergAdvantage": 0.6000000000000005,
    "stackelbergBound": 7.5,
    "stackelbergWithinBound": true,
    "stackelbergAdvantageSatisfiesFloor": true,
    "stackelbergAdvantageFloor": 0.5,
    "gibbsTargetKJ": 71200,
    "gibbsDeltaKJ": 11816.107955999993,
    "gibbsWithinTolerance": false,
    "gibbsToleranceKJ": 420,
    "divergenceLimit": 0.001,
    "equilibriumDivergence": 2.220446049250313e-16,
    "divergenceWithinLimit": true,
    "entropyFloor": 4.05,
    "entropyKJPerK": 8.27713345746139,
    "entropyAboveFloor": true,
    "antifragilitySecondDerivative": 2.3594033144054833,
    "antifragilityMinimum": 0.08,
    "antifragilityMeetsMinimum": true,
    "sigmaGain": 0.5176256249524709,
    "sigmaGainMinimum": 0.12,
    "sigmaGainSatisfied": true,
    "ownerCoverageRatio": 1,
    "ownerCoverageMinimum": 1,
    "ownerCoverageSatisfied": true,
    "energyMarginKJ": 83016.10795599999,
    "energyMarginFloorKJ": 420,
    "energyMarginSatisfied": true,
    "confidenceScore": 0.7642954018678565,
    "thermodynamicAssurance": 1,
    "governanceAssurance": 0.025931818181818334,
    "antifragilityAssurance": 1,
    "ownerAssurance": 1,
    "quantumAssurance": 0.8208837874707196,
    "quantumConfidenceMinimum": 0.92,
    "quantumConfidenceSatisfied": false,
    "superintelligenceIndex": 0.7447296908601228,
    "superintelligenceMinimum": 0.97,
    "superintelligenceSatisfied": false,
    "riskResidual": 0.21429499999999996
  },
  "risk": {
    "weights": {
      "staking": 0.4,
      "formal": 0.4,
      "fuzz": 0.2
    },
    "classes": [
      {
        "id": "R0",
        "label": "Specification drift",
        "probability": 0.18,
        "impact": 0.8,
        "coverage": 0.53,
        "residual": 0.06767999999999999,
        "mitigations": {
          "staking": 0.45,
          "formal": 0.55,
          "fuzz": 0.65
        }
      },
      {
        "id": "R1",
        "label": "Economic exploit",
        "probability": 0.18,
        "impact": 0.75,
        "coverage": 0.7980000000000002,
        "residual": 0.027269999999999982,
        "mitigations": {
          "staking": 0.8,
          "formal": 0.82,
          "fuzz": 0.75
        }
      },
      {
        "id": "R2",
        "label": "Protocol attack",
        "probability": 0.1,
        "impact": 0.9,