{
  "generatedAt": "2025-10-19T13:47:21.685Z",
  "version": "1.0.0",
  "thermodynamics": {
    "gibbsFreeEnergyKJ": 69800,
    "gibbsFreeEnergyJ": 69800000,
    "landauerKJ": 69800.00424840329,
    "freeEnergyMarginKJ": -0.004248403289238922,
    "burnEnergyPerBlockKJ": 4362.5,
    "gibbsAgreementDelta": 0,
    "energyPerBitJ": 2.966678000680041e-21,
    "impliedBitsFromEnergy": 2.3527998567959504e+28,
    "bitsDiscrepancyRatio": 6.086537301003129e-8,
    "boltzmannVariance": 0
  },
  "hamiltonian": {
    "kineticTerm": 34149742376.26085,
    "potentialTerm": 302022,
    "hamiltonianValue": 34149440354.26085,
    "alternativeHamiltonian": 34149440354.26085,
    "difference": 0
  },
  "equilibrium": {
    "labels": [
      "Pareto-Coop",
      "Thermo-Titan",
      "Sentinel-Tactician"
    ],
    "replicator": [
      0.32357470785564413,
      0.41557129318696867,
      0.26085399895738726
    ],
    "closedForm": [
      0.3333333333333333,
      0.33333333333333337,
      0.33333333333333337
    ],
    "monteCarlo": [
      0.33908044880770477,
      0.3311308083051073,
      0.3297887428871871
    ],
    "replicatorIterations": 50000,
    "monteCarloRmsError": 0.32895704648236107,
    "payoffAtEquilibrium": 1,
    "divergenceAtEquilibrium": 0,
    "discountFactor": 0.92,
    "replicatorDeviation": 0.11005256345802282,
    "eigenvector": [
      0.33333332176461294,
      0.3333333219113951,
      0.3333333563239919
    ],
    "eigenvalue": 2.9999999999999925,
    "eigenDeviation": 2.8157882474471827e-8
  },
  "owner": {
    "owner": "0xA1A1A1A1A1A1A1A1A1A1A1A1A1A1A1A1A1A1A1A1",
    "pauser": "0xB2B2B2B2B2B2B2B2B2B2B2B2B2B2B2B2B2B2B2B2",
    "treasury": "0xC3C3C3C3C3C3C3C3C3C3C3C3C3C3C3C3C3C3C3C3",
    "timelockSeconds": 691200,
    "upgradeActions": [
      {
        "label": "Recalibrate Hamiltonian monitor",
        "command": "npm run owner:command-center -- --network mainnet --target HamiltonianMonitor --set-lambda 0.94 --set-inertia 1.08",
        "impact": "Locks the energy coupling coefficient and inertial metric to the antifragile optimum computed in the dossier."
      },
      {
        "label": "Adjust reward engine burn curve",
        "command": "npm run reward-engine:update -- --network mainnet --burn-bps 600 --treasury-bps 200",
        "impact": "Aligns emission schedule with the Landauer-calibrated burn policy."
      },
      {
        "label": "Rotate governance sentinels",
        "command": "npm run owner:rotate -- --network mainnet --role Sentinel --count 3",
        "impact": "Refreshes slashing guardians while keeping owner override authority."
      },
      {
        "label": "Update tax policy disclosure",
        "command": "npm run owner:update-all -- --network mainnet --module TaxPolicy --acknowledgement \"Participants accept AGI Jobs v2 tax terms.\"",
        "impact": "Publishes the latest regulatory acknowledgement without touching business logic."
      }
    ]
  },
  "ci": {
    "workflow": "ci (v2)",
    "requiredJobs": [
      {
        "id": "lint",
        "name": "Lint & static checks"
      },
      {
        "id": "tests",
        "name": "Tests"
      },
      {
        "id": "foundry",
        "name": "Foundry"
      },
      {
        "id": "coverage",
        "name": "Coverage thresholds"
      },
      {
        "id": "summary",
        "name": "CI summary"
      }
    ],
    "minCoverage": 90,
    "concurrency": "ci-${{ github.workflow }}-${{ github.ref }}"
  },
  "stressTest": {
    "trials": 96,
    "perturbation": 0.02,
    "maxAllowedDeviation": 0.05,
    "maxObservedDeviation": 4.440892098500626e-16,
    "failures": 0,
    "worstCaseState": [
      0.31261590312122756,
      0.5338400764527776,
      0.15354402042599494
    ],
    "recoverySteps": 360
  },
  "assurance": {
    "eigenTolerance": 0.015,
    "stressTest": {
      "trials": 96,
      "perturbation": 0.02,
      "maxAllowedDeviation": 0.05,
      "replicatorSteps": 80,
      "recoverySteps": 360
    }
  }
}