{
  "generatedAt": "2025-10-20T16:25:26.917Z",
  "version": "1.3.0",
  "thermodynamics": {
    "gibbsFreeEnergyKJ": 69800,
    "gibbsFreeEnergyJ": 69800000,
    "landauerKJ": 5.3400207262464265e-15,
    "freeEnergyMarginKJ": 69800,
    "burnEnergyPerBlockKJ": 4362.5,
    "gibbsAgreementDelta": 0,
    "stakeBoltzmannEnvelope": 5.340020726246426e-12,
    "gibbsCrossCheckKJ": 69800,
    "freeEnergyMarginPercent": 1,
    "landauerWithinMargin": true
  },
  "statisticalPhysics": {
    "beta": 0.0725,
    "energyScaling": 122.41864244335348,
    "toleranceKJ": 500,
    "partitionFunction": 1.1150212496503115e-18,
    "logPartitionFunction": -41.33765821118,
    "expectedEnergy": 581.1422618477402,
    "expectedEnergyKJ": 71142.6467618602,
    "freeEnergy": 570.1745960162759,
    "freeEnergyKJ": 69800,
    "entropy": 0.7951557727811215,
    "entropyKJPerK": 4.331118586645818,
    "variance": 67.4525411959039,
    "heatCapacity": 0.3545474196609698,
    "probabilities": [
      {
        "energy": 580,
        "degeneracy": 2,
        "probability": 0.9809884352129131
      },
      {
        "energy": 640,
        "degeneracy": 3,
        "probability": 0.018992150815366825
      },
      {
        "energy": 720,
        "degeneracy": 1,
        "probability": 0.000019166592108652428
      },
      {
        "energy": 780,
        "degeneracy": 1,
        "probability": 2.47379612152881e-7
      }
    ],
    "freeEnergyConsistencyDelta": 5.684341886080801e-13,
    "gibbsDeltaKJ": 0,
    "withinTolerance": true
  },
  "jarzynski": {
    "beta": 0.0725,
    "landauerKJ": 5.3400207262464265e-15,
    "gibbsFreeEnergyKJ": 69800,
    "deltaFreeEnergyKJ": 69800,
    "landauerScaled": 4.3620976508683333e-17,
    "gibbsFreeEnergyScaled": 570.1745960162759,
    "deltaFreeEnergyScaled": 570.1745960162759,
    "logExpectation": -42.06894475999464,
    "logTheoretical": -41.33765821118,
    "expectation": 5.366478963107841e-19,
    "theoretical": 1.1150212496503115e-18,
    "difference": 0.7312865488146443,
    "tolerance": 0.8267531642236,
    "satisfied": true
  },
  "hamiltonian": {
    "kineticTerm": 34149742376.26085,
    "potentialTerm": 302022,
    "hamiltonianValue": 34149440354.26085,
    "alternativeHamiltonian": 34149440354.26085,
    "difference": 0
  },
  "equilibrium": {
    "labels": [
      "Pareto-Coop",
      "Thermo-Titan",
      "Sentinel-Tactician"
    ],
    "replicator": [
      0.33333333333333337,
      0.3333333333333334,
      0.33333333333333326
    ],
    "closedForm": [
      0.33333333333333337,
      0.3333333333333334,
      0.33333333333333326
    ],
    "closedFormPayoff": 1,
    "kktResiduals": [
      2.220446049250313e-16,
      0,
      0
    ],
    "kktMaxResidual": 2.220446049250313e-16,
    "kktCertified": true,
    "simplexResidual": 0,
    "monteCarlo": [
      0.33442132029876004,
      0.3291403994112745,
      0.3364382802899638
    ],
    "continuous": [
      0.4074521001792146,
      0.36555002383644997,
      0.22699787598433552
    ],
    "eigenvector": [
      0.3333333333333333,
      0.3333333333333333,
      0.3333333333333333
    ],
    "replicatorIterations": 0,
    "continuousIterations": 25000,
    "eigenvectorIterations": 1,
    "monteCarloRmsError": 0.35745947819284196,
    "payoffAtEquilibrium": 1,
    "divergenceAtEquilibrium": 2.220446049250313e-16,
    "discountFactor": 0.92,
    "replicatorDeviation": 0,
    "maxMethodDeviation": 0.1365150455272573,
    "methodConsistency": false
  },
  "antifragility": {
    "samples": [
      {
        "sigma": 0,
        "welfare": -3.7330953424071236,
        "averagePayoff": 1,
        "divergence": 0.07678157966551037
      },
      {
        "sigma": 0.1,
        "welfare": -0.45245266493167074,
        "averagePayoff": 1,
        "divergence": 0.07624601510263318
      },
      {
        "sigma": 0.2,
        "welfare": 2.9867608566050983,
        "averagePayoff": 1,
        "divergence": 0.07690141382199267
      },
      {
        "sigma": 0.3,
        "welfare": 6.586280413716959,
        "averagePayoff": 1,
        "divergence": 0.07730178289544062
      }
    ],
    "quadraticSecondDerivative": 15.94384398182035,
    "monotonicIncrease": true
  },
  "quantum": {
    "planckConstant": 6.62607015e-34,
    "superpositionWeights": [
      0.62,
      0.27,
      0.11
    ],
    "normalizedWeights": [
      0.62,
      0.27,
      0.11
    ],
    "energyLevelsEv": [
      0.21,
      0.37,
      0.58
    ],
    "weightSumDelta": 0,
    "stateEntropyBits": 1.287897373700623,
    "effectiveDimension": 2.4417193271384026,
    "expectedEnergyEv": 0.29389999999999994,
    "expectedEnergyKJ": 4.7087971273259985e-23,
    "coherenceEnergyKJ": 3.578077881e-22,
    "quantumFreeEnergyKJ": -3.1071981682674e-22,
    "energyVarianceEv": 0.01493179,
    "spectralGapEv": 0.37,
    "measurementVariance": 0.0024,
    "measurementStdDev": 0.04898979485566356,
    "fisherInformation": 0.94,
    "coherenceScore": 0.7017675749414392,
    "quantumConfidence": 0.8208837874707196,
    "decoherenceTimeNs": 4500,
    "coherenceHalfLifeNs": 9200,
    "coherenceFrequencyThz": 540,
    "entanglementFidelity": 0.985,
    "noetherCharge": 0.00172,
    "targetCharge": 0.00165,
    "allowableChargeDrift": 0.00012,
    "chargeDelta": 0.00006999999999999997,
    "chargeWithinTolerance": true,
    "thermoMarginDeltaKJ": 69800
  },
  "alphaField": {
    "stackelbergAdvantage": 0.6000000000000005,
    "stackelbergBound": 7.5,
    "stackelbergWithinBound": true,
    "stackelbergAdvantageSatisfiesFloor": true,
    "stackelbergAdvantageFloor": 0.5,
    "gibbsTargetKJ": 71200,
    "gibbsDeltaKJ": 1400,
    "gibbsWithinTolerance": false,
    "gibbsToleranceKJ": 420,
    "divergenceLimit": 0.001,
    "equilibriumDivergence": 2.220446049250313e-16,
    "divergenceWithinLimit": true,
    "entropyFloor": 4.05,
    "entropyKJPerK": 4.331118586645818,
    "entropyAboveFloor": true,
    "antifragilitySecondDerivative": 15.94384398182035,
    "antifragilityMinimum": 0.08,
    "antifragilityMeetsMinimum": true,
    "sigmaGain": 10.319375756124082,
    "sigmaGainMinimum": 0.12,
    "sigmaGainSatisfied": true,
    "ownerCoverageRatio": 1,
    "ownerCoverageMinimum": 0.95,
    "ownerCoverageSatisfied": true,
    "ownerSupremacyIndex": 1,
    "ownerSupremacyMinimum": 0.97,
    "ownerSupremacySatisfied": true,
    "energyMarginKJ": 69800,
    "energyMarginFloorKJ": 68000,
    "energyMarginSatisfied": true,
    "thermoQuantumDeltaKJ": 69800,
    "thermoQuantumDriftMaximumKJ": 450,
    "thermoQuantumAligned": false,
    "confidenceScore": 0.8294255627070174,
    "thermodynamicAssurance": 1,
    "governanceAssurance": 0.2851499999999999,
    "antifragilityAssurance": 1,
    "ownerAssurance": 1,
    "quantumAssurance": 0.8208837874707196,
    "quantumConfidenceMinimum": 0.72,
    "quantumConfidenceSatisfied": true,
    "superintelligenceIndex": 0.8212390544964864,
    "superintelligenceMinimum": 0.82,
    "superintelligenceSatisfied": true,
    "riskResidual": 0.214455
  },
  "risk": {
    "weights": {
      "staking": 0.4,
      "formal": 0.4,
      "fuzz": 0.2
    },
    "classes": [
      {
        "id": "R0",
        "label": "Specification drift",
        "probability": 0.22,
        "impact": 0.8,
        "coverage": 0.59,
        "residual": 0.07216000000000002,
        "mitigations": {
          "staking": 0.45,
          "formal": 0.7,
          "fuzz": 0.65
        }
      },
      {
        "id": "R1",
        "label": "Economic exploit",
        "probability": 0.18,
        "impact": 0.75,
        "coverage": 0.7980000000000002,
        "residual": 0.027269999999999982,
        "mitigations": {
          "staking": 0.8,
          "formal": 0.82,
          "fuzz": 0.75
        }
      },
      {
        "id": "R2",
        "label": "Protocol attack",
        "probability": 0.1,
        "impact": 0.9,
        "coverage": 0.8600000000000001,
        "residual": 0.012599999999999993,