{
  "generatedAt": "2025-10-19T13:50:47.593Z",
  "version": "1.0.0",
  "thermodynamics": {
    "gibbsFreeEnergyKJ": 69800,
    "gibbsFreeEnergyJ": 69800000,
    "landauerKJ": 5.3400207262464265e-15,
    "landauerJ": 5.340020726246426e-12,
    "freeEnergyMarginKJ": 69800,
    "burnEnergyPerBlockKJ": 4362.5,
    "gibbsAgreementDelta": 0,
    "gibbsToLandauerRatio": 13071110315533058000,
    "burnToLandauerRatio": 816944394720816100,
    "stakeBoltzmannEnergyJ": 2.9666781812480147e-21,
    "stakeBoltzmannEnergyKJ": 2.966678181248015e-24
  },
  "hamiltonian": {
    "kineticTerm": 34149742376.26085,
    "potentialTerm": 302022,
    "hamiltonianValue": 34149440354.26085,
    "alternativeHamiltonian": 34149440354.26085,
    "difference": 0
  },
  "equilibrium": {
    "labels": [
      "Pareto-Coop",
      "Thermo-Titan",
      "Sentinel-Tactician"
    ],
    "replicator": [
      0.32357470785564413,
      0.41557129318696867,
      0.26085399895738726
    ],
    "closedForm": [
      0.3333333333333333,
      0.33333333333333337,
      0.33333333333333337
    ],
    "monteCarlo": [
      0.33908044880770477,
      0.3311308083051073,
      0.3297887428871871
    ],
    "replicatorIterations": 50000,
    "monteCarloRmsError": 0.32895704648236107,
    "payoffAtEquilibrium": 1,
    "divergenceAtEquilibrium": 0,
    "discountFactor": 0.92,
    "replicatorDeviation": 0.11005256345802282,
    "monteCarloAverageDivergence": 0.06820361080231813,
    "monteCarloAveragePayoff": 1
  },
  "owner": {
    "owner": "0xA1A1A1A1A1A1A1A1A1A1A1A1A1A1A1A1A1A1A1A1",
    "pauser": "0xB2B2B2B2B2B2B2B2B2B2B2B2B2B2B2B2B2B2B2B2",
    "treasury": "0xC3C3C3C3C3C3C3C3C3C3C3C3C3C3C3C3C3C3C3C3",
    "timelockSeconds": 691200,
    "upgradeActions": [
      {
        "label": "Recalibrate Hamiltonian monitor",
        "command": "npm run owner:command-center -- --network mainnet --target HamiltonianMonitor --set-lambda 0.94 --set-inertia 1.08",
        "impact": "Locks the energy coupling coefficient and inertial metric to the antifragile optimum computed in the dossier."
      },
      {
        "label": "Adjust reward engine burn curve",
        "command": "npm run reward-engine:update -- --network mainnet --burn-bps 600 --treasury-bps 200",
        "impact": "Aligns emission schedule with the Landauer-calibrated burn policy."
      },
      {
        "label": "Rotate governance sentinels",
        "command": "npm run owner:rotate -- --network mainnet --role Sentinel --count 3",
        "impact": "Refreshes slashing guardians while keeping owner override authority."
      },
      {
        "label": "Update tax policy disclosure",
        "command": "npm run owner:update-all -- --network mainnet --module TaxPolicy --acknowledgement \"Participants accept AGI Jobs v2 tax terms.\"",
        "impact": "Publishes the latest regulatory acknowledgement without touching business logic."
      }
    ]
  },
  "ci": {
    "workflow": "ci (v2)",
    "requiredJobs": [
      {
        "id": "lint",
        "name": "Lint & static checks"
      },
      {
        "id": "tests",
        "name": "Tests"
      },
      {
        "id": "foundry",
        "name": "Foundry"
      },
      {
        "id": "coverage",
        "name": "Coverage thresholds"
      },
      {
        "id": "summary",
        "name": "CI summary"
      }
    ],
    "minCoverage": 90,
    "concurrency": "ci-${{ github.workflow }}-${{ github.ref }}"
  },
  "diagnostics": {
    "landauerAdequacy": "Gibbs free energy exceeds Landauer minimum by 1.307e+19x",
    "ownerAssertions": [
      {
        "check": "Owner address format",
        "passed": true,
        "detail": "0xA1A1A1A1A1A1A1A1A1A1A1A1A1A1A1A1A1A1A1A1 is a valid EOA/multisig format"
      },
      {
        "check": "Pauser address format",
        "passed": true,
        "detail": "0xB2B2B2B2B2B2B2B2B2B2B2B2B2B2B2B2B2B2B2B2 is a valid controller format"
      },
      {
        "check": "Treasury address format",
        "passed": true,
        "detail": "0xC3C3C3C3C3C3C3C3C3C3C3C3C3C3C3C3C3C3C3C3 is a valid treasury format"
      },
      {
        "check": "Timelock horizon",
        "passed": true,
        "detail": "Timelock is 691200 seconds (8.00 days)"
      },
      {
        "check": "Upgrade action: Recalibrate Hamiltonian monitor",
        "passed": true,
        "detail": "npm run owner:command-center -- --network mainnet --target HamiltonianMonitor --set-lambda 0.94 --set-inertia 1.08"
      },
      {
        "check": "Upgrade action: Adjust reward engine burn curve",
        "passed": true,
        "detail": "npm run reward-engine:update -- --network mainnet --burn-bps 600 --treasury-bps 200"
      },
      {
        "check": "Upgrade action: Rotate governance sentinels",
        "passed": true,
        "detail": "npm run owner:rotate -- --network mainnet --role Sentinel --count 3"
      },
      {
        "check": "Upgrade action: Update tax policy disclosure",
        "passed": true,
        "detail": "npm run owner:update-all -- --network mainnet --module TaxPolicy --acknowledgement \"Participants accept AGI Jobs v2 tax terms.\""
      }
    ],
    "eigenvalues": [
      3,
      4.440892098500626e-16,
      -8.881784197001252e-16
    ],
    "eigenvalueCondition": 1,
    "replicatorVsMonteCarlo": 0.11010278111938565,
    "replicatorVsClosedForm": 0.11005256345802282,
    "monteCarloAverageDivergence": 0.06820361080231813
  }
}