{
  "hamiltonianEnergy": 17409,
  "freeEnergyDelta": 17070.28620533123,
  "entropyIndex": 1.0920967102007695,
  "landauerRatio": 5.865341402490716e+24,
  "monteCarloEntropyMean": 1.0919964102040625,
  "monteCarloEntropyStd": 0.0007772648738002258
}
