{
  "runs": 256,
  "breachProbability": 0,
  "percentileGw": {
    "p50": 1095320.5680055048,
    "p95": 1109258.1891697305,
    "p99": 1111780.7752236363
  },
  "maxGw": 1113689.7410643003,
  "averageGw": 1095409.7618084832,
  "marginGw": 27500,
  "freeEnergyMarginGw": 40741.810830269475,
  "freeEnergyMarginPct": 0.03542766159153867,
  "runwayHours": 0.03719321504220135,
  "demandStdDevGw": 8365.693389504962,
  "entropyMargin": 4.870105672457637,
  "gibbsFreeEnergyGj": 146670518.9889701,
  "hamiltonianStability": 0.5177138307957694,
  "gameTheorySlack": 0.7829712238580963,
  "runwayGapHours": 0.9628067849577987,
  "runwayGapGwh": 1054667.9509782137,
  "runwayGapGj": 3796804623.5215693,
  "maintainsBuffer": true,
  "withinTolerance": true,
  "tolerance": 0.01
}
