{
  "runs": 256,
  "breachProbability": 0,
  "percentileGw": {
    "p50": 238645.9295734167,
    "p95": 253590.4698404905,
    "p99": 255272.26754529556
  },
  "maxGw": 257849.33713571046,
  "averageGw": 237852.0691801336,
  "marginGw": 143750,
  "freeEnergyMarginGw": 896409.5301595095,
  "freeEnergyMarginPct": 0.7794865479647909,
  "runwayHours": 3.7687691061481896,
  "demandStdDevGw": 9033.981038246582,
  "entropyMargin": 99.22641262633144,
  "gibbsFreeEnergyGj": 3227074308.574234,
  "hamiltonianStability": 0.8897432739823954,
  "gameTheorySlack": 0.950384473292078,
  "maintainsBuffer": true,
  "withinTolerance": true,
  "tolerance": 0.01
}
