{
  "runs": 256,
  "breachProbability": 0,
  "percentileGw": {
    "p50": 1097350.7951453566,
    "p95": 1109684.4974044315,
    "p99": 1112361.5799777978
  },
  "maxGw": 1114466.5189107955,
  "averageGw": 1096819.3937515493,
  "marginGw": 462701.16735,
  "freeEnergyMarginGw": 2591924.8413955686,
  "freeEnergyMarginPct": 0.7002156640970187,
  "grossRunwayHours": 2.3631282015630455,
  "usableFreeEnergyGw": 2129223.6740455683,
  "runwayHours": 1.9412709933608983,
  "demandStdDevGw": 8234.491767717509,
  "entropyMargin": 314.7643976713836,
  "gibbsFreeEnergyGj": 7665205226.564046,
  "hamiltonianStability": 0.8501078320485094,
  "gameTheorySlack": 0.9325485244218292,
  "runwayGapHours": 0,
  "runwayGapGwh": 0,
  "runwayGapGj": 0,
  "maintainsBuffer": true,
  "withinTolerance": true,
  "tolerance": 0.01
}
