{
  "runs": 256,
  "breachProbability": 0,
  "tolerance": 0.05,
  "withinTolerance": true,
  "availableGw": 3206778.351,
  "reserveGw": 2056778.351,
  "capturedGw": 1150000,
  "marginGw": 1028389.1755,
  "freeEnergyMarginGw": 2131897.2997208126,
  "freeEnergyMarginPct": 0.6648096832311479,
  "grossRunwayHours": 2.0730117034303253,
  "runwayHours": 1.0730278877128676,
  "runwayGapHours": 0,
  "runwayGapGwh": 0,
  "runwayGapGj": 0,
  "usableFreeEnergyGw": 1103508.1242208127,
  "meanDemandGw": 1028405.8195103512,
  "demandStdDevGw": 29860.88208449331,
  "entropyMargin": 71.39431761220149,
  "gameTheorySlack": 0.9245821787270083,
  "thermodynamicStability": 0.9413416945654507,
  "riskIndex": 0.05865830543454931,
  "gibbsFreeEnergyGj": 3972629247.194926,
  "hamiltonianStability": 0.8324048416155739,
  "maintainsBuffer": true,
  "peakDemandGw": 1118060.0427742107,
  "averageDemandGw": 1028405.8195103512,
  "percentileGw": {
    "p50": 1027371.9205713327,
    "p95": 1074881.0512791872,
    "p99": 1093924.6463398377
  }
}
