{
  "runs": 256,
  "breachProbability": 0,
  "percentileGw": {
    "p50": 236349.67577342957,
    "p95": 252189.138782289,
    "p99": 255160.81119188174
  },
  "maxGw": 256900.13860232956,
  "averageGw": 236334.58660710318,
  "withinTolerance": true,
  "tolerance": 0.01
}
