{
  "runs": 256,
  "breachProbability": 0,
  "percentileGw": {
    "p50": 1095320.5680055048,
    "p95": 1109258.1891697305,
    "p99": 1111780.7752236363
  },
  "maxGw": 1113689.7410643003,
  "averageGw": 1095409.7618084832,
  "marginGw": 152500,
  "freeEnergyMarginGw": 290741.8108302695,
  "freeEnergyMarginPct": 0.20767272202162104,
  "runwayHours": 0.26541831282411155,
  "demandStdDevGw": 8365.693389504962,
  "entropyMargin": 34.754060099192095,
  "gibbsFreeEnergyGj": 1046670518.9889702,
  "hamiltonianStability": 0.6038363610108105,
  "gameTheorySlack": 0.8217263624548647,
  "runwayGapHours": 0.7345816871758885,
  "runwayGapGwh": 804667.9509782137,
  "runwayGapGj": 2896804623.5215693,
  "maintainsBuffer": true,
  "withinTolerance": true,
  "tolerance": 0.01
}
