{
  "runs": 256,
  "breachProbability": 0,
  "percentileGw": {
    "p50": 1094670.6012452855,
    "p95": 1115690.5263364932,
    "p99": 1119549.3931820057
  },
  "maxGw": 1124040.5443364822,
  "averageGw": 1095022.6155290126,
  "marginGw": 547500,
  "freeEnergyMarginGw": 1074309.4736635068,
  "freeEnergyMarginPct": 0.49055227107922683,
  "runwayHours": 0.9810842793822124,
  "demandStdDevGw": 13024.153947262455,
  "entropyMargin": 82.4859317552305,
  "gibbsFreeEnergyGj": 3867514105.1886244,
  "hamiltonianStability": 0.7452761355396134,
  "gameTheorySlack": 0.8853742609928261,
  "runwayGapHours": 0.018915720617787568,
  "runwayGapGwh": 20713.141865505815,
  "runwayGapGj": 74567310.71582094,
  "maintainsBuffer": true,
  "withinTolerance": true,
  "tolerance": 0.01
}
