{
  "runs": 256,
  "breachProbability": 1,
  "percentileGw": {
    "p50": 1092349.3727788075,
    "p95": 1160199.1386940242,
    "p99": 1175408.998372291
  },
  "maxGw": 1178049.319000517,
  "averageGw": 1093911.2572673024,
  "marginGw": 143750,
  "freeEnergyMarginGw": -10199.13869402418,
  "freeEnergyMarginPct": -0.0088688162556732,
  "runwayHours": 0,
  "demandStdDevGw": 37206.376816308235,
  "entropyMargin": -0.2741234048232751,
  "gibbsFreeEnergyGj": 0,
  "hamiltonianStability": 0,
  "gameTheorySlack": 0,
  "runwayGapHours": 1,
  "runwayGapGwh": 1093911.2572673024,
  "runwayGapGj": 3938080526.1622887,
  "maintainsBuffer": false,
  "withinTolerance": false,
  "tolerance": 0.01
}
