{
  "runs": 256,
  "breachProbability": 0,
  "percentileGw": {
    "p50": 235082.41261617118,
    "p95": 250346.8287682341,
    "p99": 255892.34636856447
  },
  "maxGw": 258746.0241487074,
  "averageGw": 235610.50584810745,
  "withinTolerance": true,
  "tolerance": 0.01
}
