{
  "runs": 256,
  "breachProbability": 0,
  "percentileGw": {
    "p50": 235760.79008348397,
    "p95": 251371.3536611373,
    "p99": 255867.24135491467
  },
  "maxGw": 258033.64239481383,
  "averageGw": 236069.87531376135,
  "withinTolerance": true,
  "tolerance": 0.01
}
