{
  "scenario": "era-of-experience-baseline",
  "runs": 8,
  "baseSeed": 424242,
  "alpha": 0.05,
  "metrics": {
    "gmv": {
      "baseline": {
        "mean": 116458.79322982655,
        "median": 109260.44051045319,
        "stdDev": 19202.605925880267,
        "min": 96458.00033997511,
        "max": 151121.61571226316,
        "values": [
          137838.19057872752,
          121823.22960173478,
          110679.93013858795,
          107840.95088231843,
          96458.00033997511,
          151121.61571226316,
          106223.15626566997,
          99685.27231933549
        ]
      },
      "learning": {
        "mean": 150345.1109890826,
        "median": 155961.48024660652,
        "stdDev": 19341.61824969467,
        "min": 121396.18001013296,
        "max": 174054.78771171765,
        "values": [
          174054.78771171765,
          121396.18001013296,
          152520.17799118767,
          142497.15586686507,
          165354.80404902482,
          159402.78250202537,
          124295.5399236409,
          163239.4598580664
        ]
      },
      "difference": {
        "mean": 33886.31775925605,
        "median": 35436.40105876839,
        "stdDev": 24664.36412202538,
        "min": -427.04959160182625,
        "max": 68896.80370904971,
        "values": [
          36216.59713299014,
          -427.04959160182625,
          41840.247852599714,
          34656.20498454664,
          68896.80370904971,
          8281.16678976221,
          18072.38365797093,
          63554.18753873091
        ]
      },
      "ratio": {
        "mean": 1.3169231020546563,
        "median": 1.2920556207520284,
        "stdDev": 0.25643218710536647,
        "min": 0.996494514281078,
        "max": 1.7142673854549813,
        "values": [
          1.2627471891565836,
          0.996494514281078,
          1.3780292217406482,
          1.321364052347473,
          1.7142673854549813,
          1.0547980297241502,
          1.1701360069999323,
          1.6375484167324044
        ]
      },
      "wins": 7,
      "tStatistic": 3.8859700511175306,
      "degreesOfFreedom": 7,
      "pValue": 0.006006531680400995,
      "bootstrapInterval": {
        "lower": 18292.821781242674,
        "upper": 50323.80305530387,
        "confidence": 0.95
      },
      "judgement": "pass"
    },
    "roi": {
      "baseline": {
        "mean": 9.558721821497207,
        "median": 8.805326034702741,
        "stdDev": 1.8154325732646022,
        "min": 7.62920888662283,
        "max": 12.647463601114229,
        "values": [
          11.854085585245407,
          10.022747833468005,
          8.725182564041004,
          8.838617465406944,
          7.62920888662283,
          12.647463601114229,
          8.772034603998538,
          7.980434032080698
        ]
      },
      "learning": {
        "mean": 13.694839957450789,
        "median": 13.54689574454865,
        "stdDev": 2.4629395622849106,
        "min": 10.146110300954842,
        "max": 16.67858361871341,
        "values": [
          16.67858361871341,
          10.146110300954842,
          13.011326572204922,
          12.655508691101376,
          16.584771027231906,
          14.082464916892377,
          10.916650996456648,
          15.483303536050819
        ]
      },
      "difference": {
        "mean": 4.136118135953581,
        "median": 4.051517616929175,
        "stdDev": 2.9886608343468386,
        "min": 0.12336246748683699,
        "max": 8.955562140609075,
        "values": [
          4.824498033468004,
          0.12336246748683699,
          4.286144008163918,
          3.816891225694432,
          8.955562140609075,
          1.4350013157781483,
          2.1446163924581096,
          7.502869503970121
        ]
      },
      "ratio": {
        "mean": 1.476791807843418,
        "median": 1.419416439641756,
        "stdDev": 0.3981068854092655,
        "min": 1.0123082481507621,
        "max": 2.1738520040147145,
        "values": [
          1.4069903155982761,
          1.0123082481507621,
          1.491238318133119,
          1.4318425636852354,
          2.1738520040147145,
          1.1134615889032269,
          1.244483348421874,
          1.9401580758401353
        ]
      },
      "wins": 8,
      "tStatistic": 3.914364785873226,
      "degreesOfFreedom": 7,
      "pValue": 0.005790834028530201,
      "bootstrapInterval": {
        "lower": 2.081171672777497,
        "upper": 5.998626618617857,
        "confidence": 0.95
      },
      "judgement": "pass"
    },
    "autonomy": {
      "baseline": {
        "mean": 1.2128859173871311,
        "median": 1.2019968352962735,
        "stdDev": 0.039296857744997686,
        "min": 1.1736731448592064,
        "max": 1.279307612560253,
        "values": [
          1.279307612560253,
          1.205577359736256,
          1.1821029552435989,
          1.190055965851764,
          1.1736731448592064,
          1.2683766302534234,
          1.205286378507004,
          1.198707292085543
        ]
      },
      "learning": {
        "mean": 1.3360074087547895,
        "median": 1.3309542830608365,
        "stdDev": 0.07713059356644292,
        "min": 1.2249595280704848,
        "max": 1.4422717479567204,
        "values": [
          1.3923910008314746,
          1.2492561057131535,
          1.303042826172797,
          1.3255305871269767,
          1.4422717479567204,
          1.3363779789946963,
          1.2249595280704848,
          1.4142294951720127
        ]
      },
      "difference": {
        "mean": 0.12312149136765843,
        "median": 0.11701162960020994,
        "stdDev": 0.0845243360592821,
        "min": 0.019673149563480763,
        "max": 0.26859860309751404,
        "values": [
          0.11308338827122166,
          0.04367874597689747,
          0.12093987092919822,
          0.1354746212752127,
          0.26859860309751404,
          0.06800134874127295,
          0.019673149563480763,
          0.21552220308646963
        ]
      },
      "ratio": {
        "mean": 1.1024195646615331,
        "median": 1.0953516481444179,
        "stdDev": 0.07218564412106152,
        "min": 1.0163223860439292,
        "max": 1.228852985410802,
        "values": [
          1.0883942119635404,
          1.0362305625799517,
          1.1023090843252954,
          1.1138388657026301,
          1.228852985410802,
          1.0536128994490275,
          1.0163223860439292,
          1.1797955218170888
        ]
      },
      "wins": 8,
      "tStatistic": 4.119998831806817,
      "degreesOfFreedom": 7,
      "pValue": 0.004459571593646183,
      "bootstrapInterval": {
        "lower": 0.07536547481131645,
        "upper": 0.18245904108681113,
        "confidence": 0.95
      },
      "judgement": "pass"
    }
  },
  "summary": "GMV mean lift: 33886.32, ROI mean lift: 4.14, autonomy lift: 0.12. Bootstrap intervals confirm stability.",
  "agreement": {
    "gmvAndRoiBothPositive": true,
    "bootstrapAligned": true
  }
}